case,candidate_id,moment,label,target,fitted,residual,unit,constraint_status
1,E01_POINTFIT_000,1,source_lag_1,0.04575,0.0560911715469907,0.0103411715469907,years,ADDITIONAL_POINT_TARGET
1,E01_POINTFIT_000,2,source_lag_2,0.111083333333333,0.1050237030842491,-0.0060596302490838,years,ADDITIONAL_POINT_TARGET
1,E01_POINTFIT_000,3,source_lag_3,0.160291666666667,0.1468347299899415,-0.0134569366767254,years,ADDITIONAL_POINT_TARGET
1,E01_POINTFIT_000,4,source_lag_4,0.181916666666667,0.1819166666666669,-5.551115123125783e-17,years,L2_EXACT
1,E01_POINTFIT_000,5,first_semester_age18.5,0.0147916666666666,0.0289248479778461,0.0141331813111794,years,ADDITIONAL_POINT_TARGET
5,E05_POINTFIT_000,1,cohort1_cumulative_credits,0.0375,0.0684279106072081,0.0309279106072081,years,ADDITIONAL_POINT_TARGET
5,E05_POINTFIT_000,2,completeness_annual_credit_flows_1,0.0208333333333333,0.0259378248982962,0.0051044915649629,years,ADDITIONAL_POINT_TARGET
5,E05_POINTFIT_000,3,completeness_annual_credit_flows_2,0.0083333333333333,0.0237084224762553,0.015375089142922,years,ADDITIONAL_POINT_TARGET
5,E05_POINTFIT_000,4,completeness_annual_credit_flows_3,0.0041666666666666,0.0187816632326565,0.0146149965659899,years,ADDITIONAL_POINT_TARGET
5,E05_POINTFIT_000,5,completeness_annual_credit_flows_4,0.0166666666666666,0.0373302475337213,0.0206635808670547,years,ADDITIONAL_POINT_TARGET
5,E05_POINTFIT_000,6,completeness_annual_credit_flows_5,0.0416666666666666,0.0279376262043768,-0.0137290404622897,years,ADDITIONAL_POINT_TARGET
5,E05_POINTFIT_000,7,completeness_annual_credit_flows_6,0.0208333333333333,0.0160763152514804,-0.0047570180818528,years,ADDITIONAL_POINT_TARGET
5,E05_POINTFIT_000,8,pooled_cohorts23_cumulative_credits,0.0875,0.0733060313638391,-0.0141939686361608,years,ADDITIONAL_POINT_TARGET
5,E05_POINTFIT_000,9,retained_source_operator,0.0717715231788079,0.0717715231788078,-4.163336342344337e-17,years,L2_EXACT
6,E06_POINTFIT_000,1,retained_source_operator,0.273333333333333,0.2733333333333334,4.440892098500626e-16,years,L2_EXACT
6,E06_POINTFIT_000,2,two_year_credits,0.1348333333333333,0.1228535936277683,-0.0119797397055649,years,ADDITIONAL_POINT_TARGET
6,E06_POINTFIT_000,3,three_year_credits,0.1795416666666666,0.1974633671079662,0.0179217004412995,years,ADDITIONAL_POINT_TARGET
17,E17_POINTFIT_000,1,retained_source_operator,0.0460125809773735,0.0460125809773739,4.3021142204224816e-16,years,L2_EXACT
17,E17_POINTFIT_000,2,institution_event_t0,0.0050406575196834,0.0062351287043438,0.0011944711846604,years,ADDITIONAL_POINT_TARGET
17,E17_POINTFIT_000,3,institution_event_t1,0.0131985637686448,0.0112387972766812,-0.0019597664919636,years,ADDITIONAL_POINT_TARGET
17,E17_POINTFIT_000,4,institution_event_t2,0.0140110381714885,0.0138452733574878,-0.0001657648140006,years,ADDITIONAL_POINT_TARGET
17,E17_POINTFIT_000,5,institution_event_t3,0.0137623215175568,0.0146933816388614,0.0009310601213046,years,ADDITIONAL_POINT_TARGET
19,E19_POINTFIT_000,1,source_age_18,0.03155,0.038841472458396,0.007291472458396,years,ADDITIONAL_POINT_TARGET
19,E19_POINTFIT_000,2,source_age_19,0.07755,0.0782642840401122,0.0007142840401122,years,ADDITIONAL_POINT_TARGET
19,E19_POINTFIT_000,3,source_age_20,0.1127499999999999,0.1142908457073872,0.0015408457073872,years,ADDITIONAL_POINT_TARGET
19,E19_POINTFIT_000,4,source_age_21,0.14565,0.1448713771861971,-0.0007786228138028,years,ADDITIONAL_POINT_TARGET
19,E19_POINTFIT_000,5,source_age_22,0.17215,0.1694014925221125,-0.0027485074778874,years,ADDITIONAL_POINT_TARGET
19,E19_POINTFIT_000,6,source_age_23,0.18725,0.1881882763483737,0.0009382763483737,years,ADDITIONAL_POINT_TARGET
19,E19_POINTFIT_000,7,source_age_24,0.20945,0.2020064720052321,-0.0074435279947678,years,ADDITIONAL_POINT_TARGET
19,E19_POINTFIT_000,8,source_age_26,0.21845,0.2184500000000007,6.661338147750939e-16,years,L2_EXACT
21,E21_POINTFIT_000,1,retained_source_operator,0.0004605186511007,0.000460518651101,3.828317871046316e-16,years,L2_EXACT
21,E21_POINTFIT_000,2,institution_event_t0,-0.0009210373022014,0.0011540135941774,0.0020750508963788,years,ADDITIONAL_POINT_TARGET
21,E21_POINTFIT_000,3,institution_event_t1,0.0037992788715809,0.0009941043954677,-0.0028051744761131,years,ADDITIONAL_POINT_TARGET
21,E21_POINTFIT_000,4,institution_event_t2,0.0017845097730152,-0.0001256221311536,-0.0019101319041688,years,ADDITIONAL_POINT_TARGET
21,E21_POINTFIT_000,5,institution_event_t3,-0.004202232691294,-0.0015619772073902,0.0026402554839037,years,ADDITIONAL_POINT_TARGET
37,E37_POINTFIT_000,1,ce:C_18_19,0.035,0.0367663334736613,0.0017663334736613,probability,ADDITIONAL_POINT_TARGET
37,E37_POINTFIT_000,2,ce:C_19_20,0.032,0.0268070653434717,-0.0051929346565282,probability,ADDITIONAL_POINT_TARGET
37,E37_POINTFIT_000,3,ce:C_20_21,0.025,0.0295092432370221,0.0045092432370221,probability,ADDITIONAL_POINT_TARGET
37,E37_POINTFIT_000,4,ce:C_21_22,0.027,0.0333477981536224,0.0063477981536224,probability,ADDITIONAL_POINT_TARGET
37,E37_POINTFIT_000,5,ce:C_22_23,0.028,0.0346732594146383,0.0066732594146383,probability,ADDITIONAL_POINT_TARGET
37,E37_POINTFIT_000,6,ce:C_23_24,0.035,0.035,2.775557561562892e-17,probability,L2_EXACT
37,E37_POINTFIT_000,7,aa:A_18_19,0.002,0.0075562253008212,0.0055562253008212,probability,ADDITIONAL_POINT_TARGET
37,E37_POINTFIT_000,8,aa:A_19_20,0.014,0.016256029362338,0.002256029362338,probability,ADDITIONAL_POINT_TARGET
37,E37_POINTFIT_000,9,aa:A_20_21,0.031,0.0251788178767873,-0.0058211821232126,probability,ADDITIONAL_POINT_TARGET
37,E37_POINTFIT_000,10,aa:A_21_22,0.026,0.0283683005943146,0.0023683005943146,probability,ADDITIONAL_POINT_TARGET
37,E37_POINTFIT_000,11,aa:A_22_23,0.029,0.0292797904561863,0.0002797904561863,probability,ADDITIONAL_POINT_TARGET
37,E37_POINTFIT_000,12,aa:A_23_24,0.04,0.0399999999999999,-2.0816681711721685e-17,probability,L2_EXACT
37,E37_POINTFIT_000,13,ba:B_18_19,-0.001,-0.0002727927670903,0.0007272072329096,probability,ADDITIONAL_POINT_TARGET
37,E37_POINTFIT_000,14,ba:B_19_20,0.001,-0.0007626137326796,-0.0017626137326796,probability,ADDITIONAL_POINT_TARGET
37,E37_POINTFIT_000,15,ba:B_20_21,1e-05,-0.0014095263979554,-0.0014195263979554,probability,ADDITIONAL_POINT_TARGET
37,E37_POINTFIT_000,16,ba:B_21_22,-0.002,0.0002798552731432,0.0022798552731432,probability,ADDITIONAL_POINT_TARGET
37,E37_POINTFIT_000,17,ba:B_22_23,0.012,0.0105722177650738,-0.0014277822349261,probability,ADDITIONAL_POINT_TARGET
37,E37_POINTFIT_000,18,ba:B_23_24,0.027,0.027,2.4286128663675302e-17,probability,L2_EXACT
41,E41_POINTFIT_000,1,BA_four_year_bridge,-0.032,-0.026976148181701,0.0050238518182989,years,ADDITIONAL_POINT_TARGET
41,E41_POINTFIT_000,2,BA_five_year_bridge,-0.022,-0.0312727712518849,-0.0092727712518849,years,ADDITIONAL_POINT_TARGET
41,E41_POINTFIT_000,3,BA_six_year_bridge,-0.036,-0.0359999999999995,4.0939474033052647e-16,years,L2_EXACT
